model_permaslug,parametros,chamadas,preco_total,tempo_total_s,preco_medio_por_chamada,tempo_medio_ms_por_chamada,tokens_prompt,tokens_completion,tokens_reasoning
meta-llama/llama-3.3-70b-instruct,131072,1504,1.743052,972.154,0.0011589441489361703,646.3789893617021,7418807,6005,0
mistralai/mixtral-8x7b-instruct,32768,778,2.570629,960.2,0.003304150385604113,1234.1902313624678,4507889,5670,0
openai/gpt-4o-mini,128000,752,0.450083,548.738,0.0005985146276595745,729.7047872340426,2993397,2402,0
openai/gpt-oss-120b,131072,811,0.238687,2365.62,0.0002943119605425401,2916.91738594328,3243936,146497,151410
x-ai/grok-4.1-fast,2000000,752,0.879856,13381.442,0.0011700212765957446,17794.47074468085,3120306,562734,560473
